{"assembly_sequence":[],"benchmark_compliance":[0.0010735908039529653,0.000814684435247706,0.000814684435247706,0.000814684435247706,0.000814684435247706,0.000814684435247706,0.000814684435247706,0.000814684435247706,0.0007072026587853523,0.0004959537392984272,0.0004959537392984272,0.00044345211016895533,0.00044345211016895533,0.00044345211016895533,0.00044345211016895533,0.00044345211016895533,0.000366891117382211,0.000366891117382211,0.000366891117382211,0.00031456137231287713,0.00031192572778976997,0.00031192572778976997,0.0002483657652985857,0.00024198164290962368,0.00024198164290962368,0.00024177829407446083,0.00024177829407446083,0.00023361274759605346,0.00023361274759605346,0.0002315336337471368,0.0002315336337471368,0.0002315336337471368,0.0002315336337471368,0.0002204605648498603,0.0002204605648498603,0.0002204605648498603,0.0002204605648498603,0.00021818762304022003,0.00021307096559956064,0.00021307096559956064,0.00020776885007061188,0.00020519444227209383,0.00020519444227209383,0.00020519444227209383,0.00020519444227209383,0.00020519444227209383,0.0002034826508821946,0.00020348265083286506,0.00020348264967126752,0.00019813834626258354,0.00019813834626258354,0.00019813834626258354,0.00019813834626258354,0.00019813834505165654,0.00019813834505165654,0.00019813834505165648,0.00019813834505165648,0.0001981383450454263,0.00019813834504499973,0.00019813834504499973,0.00019813834504499973],"benchmark_lowerbound":[0.00011851464174257162,0.00011855531957060836,0.00011889071812599311,0.00012072083537323868,0.00012195960661488544,0.0001222499388619152,0.00012512406910426035,0.0001251950715304238,0.0001251950715304238,0.0001251950715304238,0.00012610737663418237,0.00012610737663418237,0.00015440561356542683,0.00015457403708707217,0.0001548703132336031,0.000155737717220506,0.000155737717220506,0.0001633260814314594,0.00016482042434619654,0.00016482042434619654,0.00016482042434619654,0.00016483562160607266,0.00016483562160607266,0.00016757863902647043,0.00016757865820203328,0.00016757865820203328,0.00016945543857891225,0.00016945543857891225,0.00016963015468873506,0.00016963015468873506,0.00017404588284969795,0.0001743152488892392,0.00017431994861598514,0.00017431994861598514,0.00017818450859165004,0.00017870677346496167,0.00017917016537932371,0.00018508964854718296,0.00018556506933075896,0.00018574540606422065,0.00018574540606422065,0.00018574540606422065,0.00018668736388661154,0.0001867795312703427,0.00018746115384783084,0.00018793780923809304,0.0001885572719532926,0.0001885572719532926,0.0001885572719532926,0.00019074995280099323,0.00019080353846920897,0.00019080942178186582,0.0001910154425926842,0.00019113268016671307,0.0001929665262380007,0.00019331657626394503,0.00019560526239814337,0.0001956052623994789,0.0001958229329333023,0.00019659310301246234,0.00019813834504499973],"benchmark_time":[0.167977785,0.206904221,0.298344518,0.370389572,0.447837798,0.538120224,0.601798704,0.687193668,1.456806234,1.483681581,3.038650383,3.312922018,3.589658099,3.734915597,3.880475583,4.321466291,5.265013986,5.415902351,5.97665219,6.855394744,8.131941451,8.570731268,8.718156673,8.863719004,9.156715727,9.428119734,9.557626808,9.680441869,9.939558313,10.06933826,10.196132993,10.44021668,10.683822049,10.915069131,11.497518962,11.604806838,11.944029785,12.175886706,12.543593984,13.029084645,13.122654786,13.414965995,15.081243122,15.418639617,16.02608017,16.181570169,16.307765642,16.394893059,16.445842369,16.471537302,16.532875685,16.606935964,16.677219941,16.757754435,16.828439621,16.863380334,16.895443659,16.927701727,16.959517598,16.991606903,17.026939947],"cross_secs":[{"A":0.001}],"elements":[{"end_node_inds":[0,1]},{"end_node_inds":[2,3]},{"end_node_inds":[4,5]},{"end_node_inds":[6,7]},{"end_node_inds":[3,1]},{"end_node_inds":[3,5]},{"end_node_inds":[7,5]},{"end_node_inds":[7,1]},{"end_node_inds":[4,3]},{"end_node_inds":[2,5]},{"end_node_inds":[6,5]},{"end_node_inds":[4,7]},{"end_node_inds":[2,1]},{"end_node_inds":[0,3]},{"end_node_inds":[0,7]},{"end_node_inds":[6,1]},{"end_node_inds":[7,8]},{"end_node_inds":[1,8]},{"end_node_inds":[5,9]},{"end_node_inds":[3,9]},{"end_node_inds":[3,8]},{"end_node_inds":[5,8]},{"end_node_inds":[1,9]},{"end_node_inds":[7,9]}],"materials":[{"E":129000000.0,"G12":46071428.57142857,"density":58.0}],"nodes":[{"is_grounded":1,"node_ind":0,"point":[0.0,1.0,0.0]},{"is_grounded":0,"node_ind":1,"point":[0.2,0.8,1.0]},{"is_grounded":1,"node_ind":2,"point":[0.0,0.0,0.0]},{"is_grounded":0,"node_ind":3,"point":[0.2,0.2,1.0]},{"is_grounded":1,"node_ind":4,"point":[1.0,0.0,0.0]},{"is_grounded":0,"node_ind":5,"point":[0.8,0.2,1.0]},{"is_grounded":1,"node_ind":6,"point":[1.0,1.0,0.0]},{"is_grounded":0,"node_ind":7,"point":[0.8,0.8,1.0]},{"is_grounded":0,"node_ind":8,"point":[0.5,0.8,1.572497324684676]},{"is_grounded":0,"node_ind":9,"point":[0.5,0.2,1.572497324684676]}]}